{"skiby, gdansk, polska": [54.3644969, 18.7076338], "gorna, gdansk, polska": [54.347549, 18.641673], "powstancow, gdansk, polska": [54.3523596, 18.6365678], "zielona, gdansk, polska": [54.3401019, 18.6542044], "aleja, gdansk, polska": [54.391633, 18.5996092], "lostowice, gdansk, polska": [54.31911, 18.5918006], "uczniowska, gdansk, polska": [54.3977508, 18.6327621], "potegowska, gdansk, polska": [54.3309692, 18.5497726], "sloneczna, gdansk, polska": [54.4068118, 18.5522345], "angielska, gdansk, polska": [54.3495451, 18.6621718], "sobieszewska, gdansk, polska": [54.3495744, 18.8163304], "dantyszka, gdansk, polska": [54.40085, 18.5568182]}