{"skiby, gdansk, polska": [54.3644969, 18.7076338], "gorna, gdansk, polska": [54.347549, 18.641673], "powstancow, gdansk, polska": [54.3523596, 18.6365678], "zielona, gdansk, polska": [54.3401019, 18.6542044], "aleja, gdansk, polska": [54.391633, 18.5996092], "lostowice, gdansk, polska": [54.31911, 18.5918006], "uczniowska, gdansk, polska": [54.3977508, 18.6327621], "potegowska, gdansk, polska": [54.3309692, 18.5497726], "sloneczna, gdansk, polska": [54.4068118, 18.5522345], "angielska, gdansk, polska": [54.3495451, 18.6621718], "sobieszewska, gdansk, polska": [54.3495744, 18.8163304], "dantyszka, gdansk, polska": [54.40085, 18.5568182], "prezydenta, gdansk, polska": [54.4110232, 18.6016297], "opacka, gdansk, polska": [54.4100946, 18.5554308], "ogarna, gdansk, polska": [54.3485704, 18.6489337], "czarny, gdansk, polska": [54.4120705, 18.6051251], "chmielna, gdansk, polska": [54.3474407, 18.6571698], "letnicka, gdansk, polska": [54.4039503, 18.6521946], "przytulna, gdansk, polska": [54.3494829, 18.5343013], "jaskolcza, gdansk, polska": [54.3424048, 18.6593977], "ks, gdansk, polska": [54.3482907, 18.6540233], "migowo, gdansk, polska": [54.3522027, 18.574928], "nieborowska, gdansk, polska": [54.3317521, 18.610474], "starowiejska, gdansk, polska": [54.3906924, 18.6487642], "ignacego, gdansk, polska": [54.3338876, 18.6341855], "stepkarska, gdansk, polska": [54.3571396, 18.6632596], "wejhera, gdansk, polska": [54.420412, 18.5831153], "kamienna, gdansk, polska": [54.3828698, 18.5708707], "pilotow, gdansk, polska": [54.3960795, 18.5887179], "niepolomicka, pomorskie, polska": [54.3201977, 18.5950848], "obroncow, gdansk, polska": [54.4067012, 18.6669686], "kobieli, gdansk, polska": [54.4010049, 18.6377003], "osinskiego, gdansk, polska": [54.3505172, 18.5375923], "leszczynskich, gdansk, polska": [54.3958259, 18.6122082]}