{"skiby, gdansk, polska": [54.3644969, 18.7076338], "gorna, gdansk, polska": [54.347549, 18.641673], "powstancow, gdansk, polska": [54.3523596, 18.6365678], "zielona, gdansk, polska": [54.3401019, 18.6542044], "aleja, gdansk, polska": [54.391633, 18.5996092], "lostowice, gdansk, polska": [54.31911, 18.5918006], "uczniowska, gdansk, polska": [54.3977508, 18.6327621]}